{"cameraMode":{"drawMode":0,"name":"Shaded","section":"Shading Mode"},"sceneLighting":false,"audioPlay":false,"sceneViewState":{"showFog":true,"showMaterialUpdate":false,"showSkybox":false,"showFlares":true,"showImageEffects":true,"showParticleSystems":true},"in2DMode":false,"pivot":{"x":0.03652609884738922,"y":0.8501791954040527,"z":-0.22151242196559907},"rotation":{"x":-0.012034079059958458,"y":0.9829822182655335,"z":-0.06972270458936691,"w":-0.16976606845855714},"size":3.868245840072632,"orthographic":false}