{"cameraMode":{"drawMode":0,"name":"Shaded","section":"Shading Mode"},"sceneLighting":true,"audioPlay":false,"sceneViewState":{"showFog":true,"showMaterialUpdate":false,"showSkybox":false,"showFlares":true,"showImageEffects":true,"showParticleSystems":true},"in2DMode":false,"pivot":{"x":5.426383972167969,"y":32.9676513671875,"z":-36.07268524169922},"rotation":{"x":0.4361531138420105,"y":0.04373405873775482,"z":-0.02115611359477043,"w":0.8987467885017395},"size":10.002593040466309,"orthographic":false}