{"cameraMode":{"drawMode":0,"name":"Shaded","section":"Shading Mode"},"sceneLighting":false,"audioPlay":false,"sceneViewState":{"showFog":true,"showMaterialUpdate":false,"showSkybox":false,"showFlares":true,"showImageEffects":true,"showParticleSystems":true},"in2DMode":false,"pivot":{"x":-0.24573315680027009,"y":0.6381314992904663,"z":-0.7675023674964905},"rotation":{"x":-0.012034079059958458,"y":0.9829822182655335,"z":-0.06972270458936691,"w":-0.16976606845855714},"size":3.868245840072632,"orthographic":false}