{"cameraMode":{"drawMode":0,"name":"Shaded","section":"Shading Mode"},"sceneLighting":true,"audioPlay":false,"sceneViewState":{"showFog":true,"showMaterialUpdate":false,"showSkybox":true,"showFlares":true,"showImageEffects":true,"showParticleSystems":true},"in2DMode":false,"pivot":{"x":5.991854667663574,"y":-6.538776874542236,"z":-11.230978965759278},"rotation":{"x":0.17148643732070924,"y":-0.8281213045120239,"z":0.3627541959285736,"w":0.3918307423591614},"size":15.619436264038086,"orthographic":false}