{"cameraMode":{"drawMode":0,"name":"Shaded","section":"Shading Mode"},"sceneLighting":false,"audioPlay":false,"sceneViewState":{"showFog":true,"showMaterialUpdate":false,"showSkybox":false,"showFlares":true,"showImageEffects":true,"showParticleSystems":true},"in2DMode":false,"pivot":{"x":-0.14268043637275697,"y":0.7679545879364014,"z":-0.09514813125133515},"rotation":{"x":0.19336794316768647,"y":-0.6123380064964294,"z":0.15791499614715577,"w":0.7502189874649048},"size":3.868245840072632,"orthographic":false}