{"cameraMode":{"drawMode":0,"name":"Shaded","section":"Shading Mode"},"sceneLighting":false,"audioPlay":false,"sceneViewState":{"showFog":true,"showMaterialUpdate":false,"showSkybox":false,"showFlares":true,"showImageEffects":true,"showParticleSystems":true},"in2DMode":false,"pivot":{"x":-2.9668283462524416,"y":0.30724000930786135,"z":6.720288276672363},"rotation":{"x":-0.12464272230863571,"y":0.8662188649177551,"z":-0.40289032459259035,"w":-0.26831960678100588},"size":9.47852897644043,"orthographic":false}