{"cameraMode":{"drawMode":0,"name":"Shaded","section":"Shading Mode"},"sceneLighting":true,"audioPlay":false,"sceneViewState":{"showFog":true,"showMaterialUpdate":false,"showSkybox":true,"showFlares":true,"showImageEffects":true,"showParticleSystems":true},"in2DMode":false,"pivot":{"x":2.4533402919769289,"y":8.596482276916504,"z":-11.591336250305176},"rotation":{"x":-0.6452571153640747,"y":0.12261540442705155,"z":-0.10735667496919632,"w":-0.7467150092124939},"size":11.303321838378907,"orthographic":false}