{"cameraMode":{"drawMode":0,"name":"Shaded","section":"Shading Mode"},"sceneLighting":false,"audioPlay":false,"sceneViewState":{"showFog":true,"showMaterialUpdate":false,"showSkybox":false,"showFlares":true,"showImageEffects":true,"showParticleSystems":true},"in2DMode":false,"pivot":{"x":9.971555709838868,"y":0.8501791954040527,"z":-13.854625701904297},"rotation":{"x":-0.237409770488739,"y":-0.4181150794029236,"z":0.11262606829404831,"w":-0.8698891401290894},"size":4.007832050323486,"orthographic":false}