{"cameraMode":{"drawMode":0,"name":"Shaded","section":"Shading Mode"},"sceneLighting":true,"audioPlay":false,"sceneViewState":{"showFog":true,"showMaterialUpdate":false,"showSkybox":true,"showFlares":true,"showImageEffects":true,"showParticleSystems":true},"in2DMode":false,"pivot":{"x":0.08682138472795487,"y":2.4187240600585939,"z":7.1163434982299809},"rotation":{"x":-0.10994794964790344,"y":-0.8649170398712158,"z":0.214425727725029,"w":-0.44079989194869997},"size":25.105653762817384,"orthographic":false}