{"cameraMode":{"drawMode":0,"name":"Shaded","section":"Shading Mode"},"sceneLighting":false,"audioPlay":false,"sceneViewState":{"showFog":true,"showMaterialUpdate":false,"showSkybox":false,"showFlares":true,"showImageEffects":true,"showParticleSystems":true},"in2DMode":false,"pivot":{"x":-2.0843636989593508,"y":5.229405879974365,"z":-4.25649881362915},"rotation":{"x":0.18468457460403443,"y":0.3228607475757599,"z":-0.06428714841604233,"w":0.9260862469673157},"size":3.868245840072632,"orthographic":false}