{"cameraMode":{"drawMode":0,"name":"Shaded","section":"Shading Mode"},"sceneLighting":true,"audioPlay":false,"sceneViewState":{"showFog":true,"showMaterialUpdate":false,"showSkybox":true,"showFlares":true,"showImageEffects":true,"showParticleSystems":true},"in2DMode":false,"pivot":{"x":4.440549373626709,"y":7.799739837646484,"z":-1.003800392150879},"rotation":{"x":0.5152614712715149,"y":0.15710081160068513,"z":-0.09295635670423508,"w":0.8378115892410278},"size":25.224702835083009,"orthographic":false}