{"cameraMode":{"drawMode":0,"name":"Shaded","section":"Shading Mode"},"sceneLighting":false,"audioPlay":false,"sceneViewState":{"showFog":true,"showMaterialUpdate":false,"showSkybox":false,"showFlares":true,"showImageEffects":true,"showParticleSystems":true},"in2DMode":false,"pivot":{"x":-1.6163437366485596,"y":1.0905227661132813,"z":-0.4693300426006317},"rotation":{"x":-0.5054476857185364,"y":-0.49466821551322939,"z":0.49547094106674197,"w":-0.5044267177581787},"size":9.090129852294922,"orthographic":false}