{"cameraMode":{"drawMode":0,"name":"Shaded","section":"Shading Mode"},"sceneLighting":true,"audioPlay":false,"sceneViewState":{"showFog":true,"showMaterialUpdate":false,"showSkybox":true,"showFlares":true,"showImageEffects":true,"showParticleSystems":true},"in2DMode":false,"pivot":{"x":2.969640016555786,"y":2.1068923473358156,"z":-22.490442276000978},"rotation":{"x":-0.026615260168910028,"y":0.9528281688690186,"z":-0.12824715673923493,"w":-0.2779405415058136},"size":15.227144241333008,"orthographic":false}