{"cameraMode":{"drawMode":0,"name":"Shaded","section":"Shading Mode"},"sceneLighting":false,"audioPlay":false,"sceneViewState":{"showFog":true,"showMaterialUpdate":false,"showSkybox":false,"showFlares":true,"showImageEffects":true,"showParticleSystems":true},"in2DMode":false,"pivot":{"x":3.322589635848999,"y":3.588165760040283,"z":17.073076248168947},"rotation":{"x":-0.015124915167689324,"y":-0.9513670802116394,"z":0.3055470585823059,"w":-0.04355528950691223},"size":6.707833766937256,"orthographic":false}