{"cameraMode":{"drawMode":0,"name":"Shaded","section":"Shading Mode"},"sceneLighting":false,"audioPlay":false,"sceneViewState":{"showFog":true,"showMaterialUpdate":false,"showSkybox":false,"showFlares":true,"showImageEffects":true,"showParticleSystems":true},"in2DMode":false,"pivot":{"x":-2.6455719470977785,"y":2.3922247886657717,"z":13.62700080871582},"rotation":{"x":-0.6767482757568359,"y":0.08959442377090454,"z":-0.08503410965204239,"w":-0.726189136505127},"size":9.951689720153809,"orthographic":false}