{"cameraMode":{"drawMode":0,"name":"Shaded","section":"Shading Mode"},"sceneLighting":false,"audioPlay":false,"sceneViewState":{"showFog":true,"showMaterialUpdate":false,"showSkybox":false,"showFlares":true,"showImageEffects":true,"showParticleSystems":true},"in2DMode":false,"pivot":{"x":-14.724931716918946,"y":0.3521537780761719,"z":13.86862564086914},"rotation":{"x":-0.2721310257911682,"y":-0.37872976064682009,"z":0.11620967835187912,"w":-0.8772616982460022},"size":18.13796615600586,"orthographic":false}