{"cameraMode":{"drawMode":0,"name":"Shaded","section":"Shading Mode"},"sceneLighting":true,"audioPlay":false,"sceneViewState":{"showFog":true,"showMaterialUpdate":false,"showSkybox":false,"showFlares":true,"showImageEffects":true,"showParticleSystems":true},"in2DMode":false,"pivot":{"x":-1.6608659029006959,"y":-2.3111038208007814,"z":-2.1260924339294435},"rotation":{"x":-0.16457650065422059,"y":0.6977083086967468,"z":-0.16993965208530427,"w":-0.6763351559638977},"size":4.657818794250488,"orthographic":false}