{"cameraMode":{"drawMode":0,"name":"Shaded","section":"Shading Mode"},"sceneLighting":false,"audioPlay":false,"sceneViewState":{"showFog":true,"showMaterialUpdate":false,"showSkybox":false,"showFlares":true,"showImageEffects":true,"showParticleSystems":true},"in2DMode":false,"pivot":{"x":-6.3921380043029789,"y":-13.31159496307373,"z":-5.2068705558776859},"rotation":{"x":0.00631668558344245,"y":-0.9497543573379517,"z":0.31299498677253725,"w":0.023624125868082048},"size":27.728404998779298,"orthographic":false}