{"cameraMode":{"drawMode":0,"name":"Shaded","section":"Shading Mode"},"sceneLighting":true,"audioPlay":false,"sceneViewState":{"showFog":true,"showMaterialUpdate":false,"showSkybox":true,"showFlares":true,"showImageEffects":true,"showParticleSystems":true},"in2DMode":false,"pivot":{"x":30.98052406311035,"y":-26.481367111206056,"z":50.678245544433597},"rotation":{"x":-0.2412761002779007,"y":-0.35715070366859438,"z":0.08124584704637528,"w":-0.8999872803688049},"size":75.54157257080078,"orthographic":false}