{"cameraMode":{"drawMode":0,"name":"Shaded","section":"Shading Mode"},"sceneLighting":false,"audioPlay":false,"sceneViewState":{"showFog":true,"showMaterialUpdate":false,"showSkybox":false,"showFlares":true,"showImageEffects":true,"showParticleSystems":true},"in2DMode":false,"pivot":{"x":7.397685527801514,"y":4.090816497802734,"z":-3.4441123008728029},"rotation":{"x":0.18082143366336823,"y":-0.6864562630653381,"z":0.18250060081481934,"w":0.6803462505340576},"size":1.6111115217208863,"orthographic":false}