{"cameraMode":{"drawMode":0,"name":"Shaded","section":"Shading Mode"},"sceneLighting":true,"audioPlay":false,"sceneViewState":{"showFog":true,"showMaterialUpdate":false,"showSkybox":true,"showFlares":true,"showImageEffects":true,"showParticleSystems":true},"in2DMode":false,"pivot":{"x":-3.756951332092285,"y":-24.620149612426759,"z":-17.378250122070314},"rotation":{"x":0.06646126508712769,"y":0.8816907405853272,"z":-0.4511610269546509,"w":0.13225391507148744},"size":26.926984786987306,"orthographic":false}