{"cameraMode":{"drawMode":0,"name":"Shaded","section":"Shading Mode"},"sceneLighting":true,"audioPlay":false,"sceneViewState":{"showFog":true,"showMaterialUpdate":false,"showSkybox":true,"showFlares":true,"showImageEffects":true,"showParticleSystems":true},"in2DMode":false,"pivot":{"x":-9.637442588806153,"y":20.020662307739259,"z":-16.10259246826172},"rotation":{"x":0.4600791931152344,"y":0.07275059819221497,"z":-0.029663508757948877,"w":0.885057806968689},"size":7.612740516662598,"orthographic":false}