{"cameraMode":{"drawMode":0,"name":"Shaded","section":"Shading Mode"},"sceneLighting":true,"audioPlay":false,"sceneViewState":{"showFog":true,"showMaterialUpdate":false,"showSkybox":true,"showFlares":true,"showImageEffects":true,"showParticleSystems":true},"in2DMode":false,"pivot":{"x":14.662630081176758,"y":24.839561462402345,"z":-22.777477264404298},"rotation":{"x":0.3871901035308838,"y":-0.1963181048631668,"z":0.08880593627691269,"w":0.8969399929046631},"size":3.3709354400634767,"orthographic":false}