{"cameraMode":{"drawMode":0,"name":"Shaded","section":"Shading Mode"},"sceneLighting":false,"audioPlay":false,"sceneViewState":{"showFog":true,"showMaterialUpdate":false,"showSkybox":false,"showFlares":true,"showImageEffects":true,"showParticleSystems":true},"in2DMode":false,"pivot":{"x":-1.6163437366485596,"y":1.0905227661132813,"z":-0.4693300426006317},"rotation":{"x":0.05581768974661827,"y":-0.9415628910064697,"z":0.1966022402048111,"w":0.2679608166217804},"size":9.090129852294922,"orthographic":false}