{"cameraMode":{"drawMode":0,"name":"Shaded","section":"Shading Mode"},"sceneLighting":false,"audioPlay":false,"sceneViewState":{"showFog":true,"showMaterialUpdate":false,"showSkybox":false,"showFlares":true,"showImageEffects":true,"showParticleSystems":true},"in2DMode":false,"pivot":{"x":-14.184228897094727,"y":1.993872880935669,"z":14.0},"rotation":{"x":-0.16202013194561006,"y":-0.35892781615257265,"z":0.06202264875173569,"w":-0.9174289107322693},"size":8.76008129119873,"orthographic":false}