{"cameraMode":{"drawMode":0,"name":"Shaded","section":"Shading Mode"},"sceneLighting":false,"audioPlay":false,"sceneViewState":{"showFog":true,"showMaterialUpdate":false,"showSkybox":false,"showFlares":true,"showImageEffects":true,"showParticleSystems":true},"in2DMode":false,"pivot":{"x":-11.2472505569458,"y":1.7340145111083985,"z":15.118423461914063},"rotation":{"x":0.18497401475906373,"y":0.22372877597808839,"z":-0.042143337428569797,"w":0.95632004737854},"size":10.38322639465332,"orthographic":false}