{"cameraMode":{"drawMode":0,"name":"Shaded","section":"Shading Mode"},"sceneLighting":false,"audioPlay":false,"sceneViewState":{"showFog":true,"showMaterialUpdate":false,"showSkybox":false,"showFlares":true,"showImageEffects":true,"showParticleSystems":true},"in2DMode":false,"pivot":{"x":-5.805327892303467,"y":2.5876450538635256,"z":13.8100004196167},"rotation":{"x":-0.34404104948043826,"y":-0.48631659150123598,"z":0.2144891619682312,"w":-0.7744175791740418},"size":10.630197525024414,"orthographic":false}