{"cameraMode":{"drawMode":0,"name":"Shaded","section":"Shading Mode"},"sceneLighting":false,"audioPlay":false,"sceneViewState":{"showFog":true,"showMaterialUpdate":false,"showSkybox":false,"showFlares":true,"showImageEffects":true,"showParticleSystems":true},"in2DMode":false,"pivot":{"x":-1.0806940793991089,"y":2.567232131958008,"z":14.321511268615723},"rotation":{"x":0.5085843801498413,"y":-0.48713740706443789,"z":0.4594026505947113,"w":0.5418274998664856},"size":4.005979537963867,"orthographic":false}