{"cameraMode":{"drawMode":0,"name":"Shaded","section":"Shading Mode"},"sceneLighting":false,"audioPlay":false,"sceneViewState":{"showFog":true,"showMaterialUpdate":false,"showSkybox":false,"showFlares":true,"showImageEffects":true,"showParticleSystems":true},"in2DMode":false,"pivot":{"x":-12.860017776489258,"y":-1.1803078651428223,"z":15.568904876708985},"rotation":{"x":-0.4472722113132477,"y":-0.43417075276374819,"z":0.26209667325019839,"w":-0.7371113300323486},"size":9.419646263122559,"orthographic":false}