{"cameraMode":{"drawMode":0,"name":"Shaded","section":"Shading Mode"},"sceneLighting":true,"audioPlay":false,"sceneViewState":{"showFog":true,"showMaterialUpdate":false,"showSkybox":true,"showFlares":true,"showImageEffects":true,"showParticleSystems":true},"in2DMode":false,"pivot":{"x":6.908388614654541,"y":17.559974670410158,"z":-8.305994987487793},"rotation":{"x":0.560141921043396,"y":-0.0005419725202955306,"z":0.003704455913975835,"w":0.8288431763648987},"size":22.002164840698243,"orthographic":false}