{"cameraMode":{"drawMode":0,"name":"Shaded","section":"Shading Mode"},"sceneLighting":true,"audioPlay":false,"sceneViewState":{"showFog":true,"showMaterialUpdate":false,"showSkybox":false,"showFlares":true,"showImageEffects":true,"showParticleSystems":true},"in2DMode":false,"pivot":{"x":0.6494421362876892,"y":0.7513566613197327,"z":2.6263015270233156},"rotation":{"x":-0.0951618179678917,"y":0.8714203834533691,"z":-0.18749329447746278,"w":-0.44353464245796206},"size":1.5225073099136353,"orthographic":false}