{"cameraMode":{"drawMode":0,"name":"Shaded","section":"Shading Mode"},"sceneLighting":true,"audioPlay":false,"sceneViewState":{"showFog":true,"showMaterialUpdate":false,"showSkybox":true,"showFlares":true,"showImageEffects":true,"showParticleSystems":true},"in2DMode":false,"pivot":{"x":-2.2616846561431886,"y":17.22043800354004,"z":-12.592307090759278},"rotation":{"x":0.3670109808444977,"y":0.11507701128721237,"z":-0.03254300355911255,"w":0.923554539680481},"size":31.98569679260254,"orthographic":false}